path,filename,size_bytes,category,has_references,has_empty_sections,naming_ok,topic_match,notes
.editorconfig,.editorconfig,219,root,,,yes,yes,
.gitignore,.gitignore,3573,root,,,yes,yes,
.pre-commit-config.yaml,.pre-commit-config.yaml,273,root,,,yes,yes,
CHANGELOG.md,CHANGELOG.md,7317,root,,,yes,yes,
CITATION.cff,CITATION.cff,477,root,,,yes,yes,
CONTRIBUTING.md,CONTRIBUTING.md,1898,root,,,yes,yes,
LICENSE,LICENSE,1077,root,,,yes,yes,
README.md,README.md,21492,root,,,yes,yes,
linkcheck_report.txt,linkcheck_report.txt,26,root,,,yes,yes,
.github/PULL_REQUEST_TEMPLATE.md,PULL_REQUEST_TEMPLATE.md,1035,root,,,yes,yes,
.github/ISSUE_TEMPLATE/bug-report.md,bug-report.md,502,root,,,yes,yes,
.github/ISSUE_TEMPLATE/feature-request.md,feature-request.md,510,root,,,yes,yes,
.github/ISSUE_TEMPLATE/material-request.md,material-request.md,672,root,,,yes,yes,
.github/workflows/ci.yml,ci.yml,4961,root,,,yes,yes,
_SYSTEM/APTITUDE_AUDIT.md,APTITUDE_AUDIT.md,15796,_SYSTEM,,,yes,yes,
_SYSTEM/APTITUDE_COMPLETENESS_MATRIX.md,APTITUDE_COMPLETENESS_MATRIX.md,5625,_SYSTEM,,,yes,yes,
_SYSTEM/APTITUDE_STATE.md,APTITUDE_STATE.md,3654,_SYSTEM,,,yes,yes,
_SYSTEM/AUDIT_STATE.md,AUDIT_STATE.md,4512,_SYSTEM,,,yes,yes,
_SYSTEM/BASELINE.md,BASELINE.md,3131,_SYSTEM,,,yes,yes,
_SYSTEM/CONTENT_MATRIX.md,CONTENT_MATRIX.md,7375,_SYSTEM,,,yes,yes,
_SYSTEM/CONTENT_REGISTRY.md,CONTENT_REGISTRY.md,9424,_SYSTEM,,,yes,yes,
_SYSTEM/FINAL_AUDIT_REPORT.md,FINAL_AUDIT_REPORT.md,11231,_SYSTEM,,,yes,yes,
_SYSTEM/FINAL_REQUIRED_FILE_LIST.md,FINAL_REQUIRED_FILE_LIST.md,10770,_SYSTEM,,,yes,yes,
_SYSTEM/MASTER_COMPLETENESS.md,MASTER_COMPLETENESS.md,5774,_SYSTEM,,,yes,yes,
_SYSTEM/NAMING_AUDIT_STATE.md,NAMING_AUDIT_STATE.md,536,_SYSTEM,,,yes,yes,
_SYSTEM/REMEDIATION_QUEUE.md,REMEDIATION_QUEUE.md,7352,_SYSTEM,,,yes,yes,
_SYSTEM/RENAME_PLAN.md,RENAME_PLAN.md,20670,_SYSTEM,,,yes,yes,
_SYSTEM/REPOSITORY_NAMING_AUDIT.md,REPOSITORY_NAMING_AUDIT.md,94017,_SYSTEM,,,yes,yes,
_SYSTEM/REPO_MAP.md,REPO_MAP.md,36274,_SYSTEM,,,yes,yes,
_SYSTEM/REQUIRED_FILE_MATRIX.md,REQUIRED_FILE_MATRIX.md,40557,_SYSTEM,,,yes,yes,
_SYSTEM/ROLE_CONTENT_AUDIT.md,ROLE_CONTENT_AUDIT.md,15662,_SYSTEM,,,yes,yes,
_SYSTEM/ROLE_INVENTORY.md,ROLE_INVENTORY.md,13970,_SYSTEM,,,yes,yes,
_SYSTEM/ROLE_READINESS_MATRIX.md,ROLE_READINESS_MATRIX.md,15372,_SYSTEM,,,yes,yes,
_SYSTEM/SOFTWARE_FINAL_REPORT.md,SOFTWARE_FINAL_REPORT.md,9533,_SYSTEM,,,yes,yes,
_SYSTEM/SOFTWARE_REVIEW.md,SOFTWARE_REVIEW.md,7260,_SYSTEM,,,yes,yes,
_SYSTEM/SOFTWARE_SCAN.txt,SOFTWARE_SCAN.txt,4381,_SYSTEM,,,yes,yes,
_SYSTEM/SOFTWARE_VERIFY.txt,SOFTWARE_VERIFY.txt,1842,_SYSTEM,,,yes,yes,
_SYSTEM/TERMINOLOGY_STANDARD.md,TERMINOLOGY_STANDARD.md,10832,_SYSTEM,,,yes,yes,
_SYSTEM/analyze_content.py,analyze_content.py,13591,_SYSTEM,,,yes,yes,
_SYSTEM/audit_hygiene.py,audit_hygiene.py,984,_SYSTEM,,,yes,yes,
_SYSTEM/build_repo_map.py,build_repo_map.py,7602,_SYSTEM,,,yes,yes,
_SYSTEM/check_links.py,check_links.py,1892,_SYSTEM,,,yes,yes,
_SYSTEM/count_roles.py,count_roles.py,3999,_SYSTEM,,,yes,yes,
_SYSTEM/fix_software_links.py,fix_software_links.py,973,_SYSTEM,,,yes,yes,
_SYSTEM/generate_audit_docs.py,generate_audit_docs.py,4539,_SYSTEM,,,yes,yes,
_SYSTEM/role_wordcount.txt,role_wordcount.txt,4402,_SYSTEM,,,yes,yes,
_SYSTEM/scan_software.py,scan_software.py,933,_SYSTEM,,,yes,yes,
_SYSTEM/verify_software.py,verify_software.py,3850,_SYSTEM,,,yes,yes,
aptitude/7_14_30_DAY_PLAN.md,7_14_30_DAY_PLAN.md,4852,aptitude,,,yes,yes,
aptitude/DAILY_PLAN.md,DAILY_PLAN.md,2347,aptitude,,,yes,yes,
aptitude/ERROR_LOG.md,ERROR_LOG.md,2520,aptitude,,,yes,yes,
aptitude/FORMULA_SHEET.md,FORMULA_SHEET.md,4229,aptitude,,,yes,yes,
aptitude/RAPID_REVISION.md,RAPID_REVISION.md,4275,aptitude,,,yes,yes,
aptitude/README.md,README.md,8089,aptitude,,,yes,yes,
aptitude/ROADMAP.md,ROADMAP.md,3883,aptitude,,,yes,yes,
aptitude/ROLE_MATRIX.md,ROLE_MATRIX.md,6269,aptitude,,,yes,yes,
aptitude/di/README.md,README.md,13833,aptitude,,,yes,yes,
aptitude/di/advanced-di-caselets.md,advanced-di-caselets.md,38037,aptitude,,,yes,yes,
aptitude/di/bar-and-line-graphs.md,bar-and-line-graphs.md,35386,aptitude,,,yes,yes,
aptitude/di/data-comparison.md,data-comparison.md,38751,aptitude,,,yes,yes,
aptitude/di/data-sufficiency.md,data-sufficiency.md,68877,aptitude,,,yes,yes,
aptitude/di/missing-data-di.md,missing-data-di.md,38805,aptitude,,,yes,yes,
aptitude/di/mixed-graphs.md,mixed-graphs.md,44390,aptitude,,,yes,yes,
aptitude/di/pie-charts.md,pie-charts.md,46557,aptitude,,,yes,yes,
aptitude/di/quantitative-caselets.md,quantitative-caselets.md,34979,aptitude,,,yes,yes,
aptitude/di/radar-area-graphs.md,radar-area-graphs.md,43922,aptitude,,,yes,yes,
aptitude/di/tables-and-caselets.md,tables-and-caselets.md,44667,aptitude,,,yes,yes,
aptitude/mocks/README.md,README.md,8112,aptitude,,,yes,yes,
aptitude/mocks/expert-placement-mock-01.md,expert-placement-mock-01.md,53357,aptitude,,,yes,yes,
aptitude/mocks/full-placement-mock-01.md,full-placement-mock-01.md,46630,aptitude,,,yes,yes,
aptitude/mocks/full-placement-mock-02.md,full-placement-mock-02.md,47552,aptitude,,,yes,yes,
aptitude/mocks/full-placement-mock-03.md,full-placement-mock-03.md,63381,aptitude,,,yes,yes,
aptitude/mocks/full-placement-mock-04.md,full-placement-mock-04.md,58914,aptitude,,,yes,yes,
aptitude/mocks/full-placement-mock-05.md,full-placement-mock-05.md,51800,aptitude,,,yes,yes,
aptitude/mocks/hard-placement-mock-01.md,hard-placement-mock-01.md,62497,aptitude,,,yes,yes,
aptitude/quant/README.md,README.md,10895,aptitude,,,yes,yes,
aptitude/quant/averages.md,averages.md,47721,aptitude,,,yes,yes,
aptitude/quant/hcf-lcm.md,hcf-lcm.md,57983,aptitude,,,yes,yes,
aptitude/quant/mensuration.md,mensuration.md,44969,aptitude,,,yes,yes,
aptitude/quant/mixtures-alligation.md,mixtures-alligation.md,68970,aptitude,,,yes,yes,
aptitude/quant/number-system.md,number-system.md,64520,aptitude,,,yes,yes,
aptitude/quant/partnership.md,partnership.md,48771,aptitude,,,yes,yes,
aptitude/quant/percentages.md,percentages.md,74055,aptitude,,,yes,yes,
aptitude/quant/permutations-combinations.md,permutations-combinations.md,43723,aptitude,,,yes,yes,
aptitude/quant/pipes-cisterns.md,pipes-cisterns.md,74760,aptitude,,,yes,yes,
aptitude/quant/probability.md,probability.md,46977,aptitude,,,yes,yes,
aptitude/quant/problems-on-ages.md,problems-on-ages.md,47443,aptitude,,,yes,yes,
aptitude/quant/profit-loss.md,profit-loss.md,89983,aptitude,,,yes,yes,
aptitude/quant/progressions.md,progressions.md,41741,aptitude,,,yes,yes,
aptitude/quant/ratio-proportion.md,ratio-proportion.md,73833,aptitude,,,yes,yes,
aptitude/quant/simple-compound-interest.md,simple-compound-interest.md,70303,aptitude,,,yes,yes,
aptitude/quant/simplification.md,simplification.md,35942,aptitude,,,yes,yes,
aptitude/quant/time-speed-distance.md,time-speed-distance.md,56010,aptitude,,,yes,yes,
aptitude/quant/time-work.md,time-work.md,78910,aptitude,,,yes,yes,
aptitude/reasoning/README.md,README.md,4113,aptitude,,,yes,yes,
aptitude/reasoning/blood-relations.md,blood-relations.md,41776,aptitude,,,yes,yes,
aptitude/reasoning/clocks-calendars.md,clocks-calendars.md,39848,aptitude,,,yes,yes,
aptitude/reasoning/coding-decoding.md,coding-decoding.md,37058,aptitude,,,yes,yes,
aptitude/reasoning/direction-sense.md,direction-sense.md,40092,aptitude,,,yes,yes,
aptitude/reasoning/input-output.md,input-output.md,34926,aptitude,,,yes,yes,
aptitude/reasoning/order-ranking.md,order-ranking.md,28622,aptitude,,,yes,yes,
aptitude/reasoning/puzzles-scheduling.md,puzzles-scheduling.md,45149,aptitude,,,yes,yes,
aptitude/reasoning/seating-arrangement.md,seating-arrangement.md,61005,aptitude,,,yes,yes,
aptitude/reasoning/series.md,series.md,31172,aptitude,,,yes,yes,
aptitude/reasoning/syllogism.md,syllogism.md,47650,aptitude,,,yes,yes,
aptitude/tests/README.md,README.md,6447,aptitude,,,yes,yes,
aptitude/tests/averages-test.md,averages-test.md,13826,aptitude,,,yes,yes,
aptitude/tests/critical-reasoning-test.md,critical-reasoning-test.md,23924,aptitude,,,yes,yes,
aptitude/tests/di-test.md,di-test.md,12815,aptitude,,,yes,yes,
aptitude/tests/engineering-math-test.md,engineering-math-test.md,20080,aptitude,,,yes,yes,
aptitude/tests/non-verbal-reasoning-test.md,non-verbal-reasoning-test.md,19970,aptitude,,,yes,yes,
aptitude/tests/number-system-test.md,number-system-test.md,12065,aptitude,,,yes,yes,
aptitude/tests/percentages-test.md,percentages-test.md,13320,aptitude,,,yes,yes,
aptitude/tests/permutations-combinations-test.md,permutations-combinations-test.md,11529,aptitude,,,yes,yes,
aptitude/tests/probability-test.md,probability-test.md,12889,aptitude,,,yes,yes,
aptitude/tests/profit-loss-test.md,profit-loss-test.md,13743,aptitude,,,yes,yes,
aptitude/tests/ratio-proportion-test.md,ratio-proportion-test.md,12822,aptitude,,,yes,yes,
aptitude/tests/seating-arrangement-test.md,seating-arrangement-test.md,9177,aptitude,,,yes,yes,
aptitude/tests/series-test.md,series-test.md,10964,aptitude,,,yes,yes,
aptitude/tests/si-ci-test.md,si-ci-test.md,12944,aptitude,,,yes,yes,
aptitude/tests/speed-time-distance-test.md,speed-time-distance-test.md,14808,aptitude,,,yes,yes,
aptitude/tests/time-work-test.md,time-work-test.md,16464,aptitude,,,yes,yes,
aptitude/tests/verbal-test.md,verbal-test.md,15106,aptitude,,,yes,yes,
aptitude/tests/section/README.md,README.md,7855,aptitude,,,yes,yes,
aptitude/tests/section/sectional-civil-core-01.md,sectional-civil-core-01.md,24099,aptitude,,,yes,yes,
aptitude/tests/section/sectional-di-01.md,sectional-di-01.md,22921,aptitude,,,yes,yes,
aptitude/tests/section/sectional-quant-01.md,sectional-quant-01.md,25520,aptitude,,,yes,yes,
aptitude/tests/section/sectional-reasoning-01.md,sectional-reasoning-01.md,31564,aptitude,,,yes,yes,
aptitude/tests/section/sectional-verbal-01.md,sectional-verbal-01.md,30601,aptitude,,,yes,yes,
aptitude/verbal/README.md,README.md,10024,aptitude,,,yes,yes,
aptitude/verbal/critical-reasoning.md,critical-reasoning.md,92163,aptitude,,,yes,yes,
aptitude/verbal/grammar-error-spotting.md,grammar-error-spotting.md,90322,aptitude,,,yes,yes,
aptitude/verbal/odd-sentence-out.md,odd-sentence-out.md,128308,aptitude,,,yes,yes,
aptitude/verbal/para-jumbles.md,para-jumbles.md,154047,aptitude,,,yes,yes,
aptitude/verbal/reading-comprehension.md,reading-comprehension.md,110910,aptitude,,,yes,yes,
aptitude/verbal/sentence-completion.md,sentence-completion.md,83096,aptitude,,,yes,yes,
aptitude/verbal/sentence-improvement.md,sentence-improvement.md,82612,aptitude,,,yes,yes,
aptitude/verbal/summary-inference.md,summary-inference.md,101244,aptitude,,,yes,yes,
aptitude/verbal/vocabulary.md,vocabulary.md,55931,aptitude,,,yes,yes,
archive/README.md,README.md,2600,root,,,yes,yes,
archive/legacy-non-core-aptitude/README.md,README.md,1891,root,,,yes,yes,
archive/legacy-non-core-aptitude/logical_reasoning/reasoning-practice.md,reasoning-practice.md,11743,root,,,yes,yes,
archive/legacy-non-core-aptitude/quantitative/aptitude-basics.md,aptitude-basics.md,10051,root,,,yes,yes,
archive/legacy-non-core-aptitude/quantitative/averages.md,averages.md,6179,root,,,yes,yes,
archive/legacy-non-core-aptitude/quantitative/data-interpretation.md,data-interpretation.md,7895,root,,,yes,yes,
archive/legacy-non-core-aptitude/quantitative/number-system.md,number-system.md,3267,root,,,yes,yes,
archive/legacy-non-core-aptitude/quantitative/partnership.md,partnership.md,3253,root,,,yes,yes,
archive/legacy-non-core-aptitude/quantitative/percentages.md,percentages.md,6106,root,,,yes,yes,
archive/legacy-non-core-aptitude/quantitative/permutations-combinations.md,permutations-combinations.md,3207,root,,,yes,yes,
archive/legacy-non-core-aptitude/quantitative/probability.md,probability.md,5678,root,,,yes,yes,
archive/legacy-non-core-aptitude/quantitative/problems-on-ages.md,problems-on-ages.md,3145,root,,,yes,yes,
archive/legacy-non-core-aptitude/quantitative/problems-on-train.md,problems-on-train.md,2902,root,,,yes,yes,
archive/legacy-non-core-aptitude/quantitative/profit-loss-discount.md,profit-loss-discount.md,6299,root,,,yes,yes,
archive/legacy-non-core-aptitude/quantitative/ratio-proportion.md,ratio-proportion.md,5428,root,,,yes,yes,
archive/legacy-non-core-aptitude/quantitative/speed-time-distance.md,speed-time-distance.md,6925,root,,,yes,yes,
archive/legacy-non-core-aptitude/quantitative/time-work.md,time-work.md,8232,root,,,yes,yes,
archive/legacy-non-core-aptitude/shortcuts/aptitude-shortcuts.md,aptitude-shortcuts.md,10244,root,,,yes,yes,
archive/legacy-non-core-aptitude/verbal/verbal-ability.md,verbal-ability.md,15099,root,,,yes,yes,
core/MASTER_INDEX.md,MASTER_INDEX.md,10483,core,,,yes,yes,
core/README.md,README.md,9446,core,,,yes,yes,
core/_SYSTEM/COMPANY_ROLE_MAP.md,COMPANY_ROLE_MAP.md,9504,core,,,yes,yes,
core/_SYSTEM/CONTENT_REGISTRY.md,CONTENT_REGISTRY.md,4089,core,,,yes,yes,
core/_SYSTEM/CORE_AUDIT_STATE.md,CORE_AUDIT_STATE.md,3240,core,,,yes,yes,
core/_SYSTEM/CORE_CONTENT_MATRIX.md,CORE_CONTENT_MATRIX.md,4542,core,,,yes,yes,
core/_SYSTEM/CORE_REMEDIATION_QUEUE.md,CORE_REMEDIATION_QUEUE.md,4255,core,,,yes,yes,
core/_SYSTEM/CORE_REPO_MAP.md,CORE_REPO_MAP.md,11366,core,,,yes,yes,
core/_SYSTEM/CORE_REQUIRED_FILES.md,CORE_REQUIRED_FILES.md,7209,core,,,yes,yes,
core/_SYSTEM/CORE_ROLE_INVENTORY.md,CORE_ROLE_INVENTORY.md,3859,core,,,yes,yes,
core/_SYSTEM/CORE_TRACK_INVENTORY.md,CORE_TRACK_INVENTORY.md,4600,core,,,yes,yes,
core/common-civil-skills/README.md,README.md,2064,core,,,yes,yes,
core/common-civil-skills/contracts-and-tendering.md,contracts-and-tendering.md,3014,core,,,yes,yes,
core/common-civil-skills/estimation-and-quantity-surveying.md,estimation-and-quantity-surveying.md,3958,core,,,yes,yes,
core/common-civil-skills/practical-site-execution.md,practical-site-execution.md,2394,core,,,yes,yes,
core/common-civil-skills/qa-qc-and-site-safety.md,qa-qc-and-site-safety.md,2528,core,,,yes,yes,
core/environmental/INTERVIEW.md,INTERVIEW.md,5190,core,,,yes,yes,
core/environmental/PRACTICE.md,PRACTICE.md,6475,core,,,yes,yes,
core/environmental/README.md,README.md,1201,core,,,yes,yes,
core/environmental/TEST.md,TEST.md,3647,core,,,yes,yes,
core/environmental/environmental-engineering.md,environmental-engineering.md,23791,core,,,yes,yes,
core/environmental/environmental-rapid-revision.md,environmental-rapid-revision.md,9929,core,,,yes,yes,
core/environmental/role-study-plan.md,role-study-plan.md,18719,core,,,yes,yes,
core/fundamentals/README.md,README.md,1397,core,,,yes,yes,
core/fundamentals/civil-engineering-foundations.md,civil-engineering-foundations.md,9123,core,,,yes,yes,
core/fundamentals/civil-rapid-revision.md,civil-rapid-revision.md,9090,core,,,yes,yes,
core/fundamentals/engineering-mechanics.md,engineering-mechanics.md,23641,core,,,yes,yes,
core/fundamentals/role-study-plan.md,role-study-plan.md,20297,core,,,yes,yes,
core/fundamentals/strength-of-materials.md,strength-of-materials.md,27392,core,,,yes,yes,
core/gate/ERROR_ANALYSIS.md,ERROR_ANALYSIS.md,2989,core,,,yes,yes,
core/gate/GATE_30_60_90_DAY_PLAN.md,GATE_30_60_90_DAY_PLAN.md,3746,core,,,yes,yes,
core/gate/GATE_ROADMAP.md,GATE_ROADMAP.md,3670,core,,,yes,yes,
core/gate/MASTER_INDEX.md,MASTER_INDEX.md,5651,core,,,yes,yes,
core/gate/RAPID_REVISION.md,RAPID_REVISION.md,4366,core,,,yes,yes,
core/gate/README.md,README.md,2174,core,,,yes,yes,
core/gate/_SYSTEM/GATE_AUDIT_STATE.md,GATE_AUDIT_STATE.md,2732,core,,,yes,yes,
core/gate/_SYSTEM/GATE_COMPLETENESS_MATRIX.md,GATE_COMPLETENESS_MATRIX.md,2691,core,,,yes,yes,
core/gate/_SYSTEM/GATE_FILE_INVENTORY.md,GATE_FILE_INVENTORY.md,4807,core,,,yes,yes,
core/gate/_SYSTEM/GATE_REPO_MAP.md,GATE_REPO_MAP.md,3495,core,,,yes,yes,
core/gate/civil/gate-civil-notes.md,gate-civil-notes.md,15001,core,,,yes,yes,
core/gate/formulas/gate-civil-formulas.md,gate-civil-formulas.md,31959,core,,,yes,yes,
core/gate/mocks/gate-civil-mock-1.md,gate-civil-mock-1.md,11701,core,,,yes,yes,
core/gate/practice/gate-civil-practice.md,gate-civil-practice.md,12395,core,,,yes,yes,
core/gate/pyq/gate-civil-pyq.md,gate-civil-pyq.md,10009,core,,,yes,yes,
core/gate/revision_notes/gate-civil-revision.md,gate-civil-revision.md,9875,core,,,yes,yes,
core/geoinformatics/INTERVIEW.md,INTERVIEW.md,4920,core,,,yes,yes,
core/geoinformatics/PRACTICE.md,PRACTICE.md,5974,core,,,yes,yes,
core/geoinformatics/README.md,README.md,1179,core,,,yes,yes,
core/geoinformatics/TEST.md,TEST.md,3244,core,,,yes,yes,
core/geoinformatics/geoinformatics-rapid-revision.md,geoinformatics-rapid-revision.md,10237,core,,,yes,yes,
core/geoinformatics/geoinformatics.md,geoinformatics.md,35447,core,,,yes,yes,
core/geoinformatics/role-study-plan.md,role-study-plan.md,20651,core,,,yes,yes,
core/geotechnical/INTERVIEW.md,INTERVIEW.md,4808,core,,,yes,yes,
core/geotechnical/PRACTICE.md,PRACTICE.md,10337,core,,,yes,yes,
core/geotechnical/README.md,README.md,1195,core,,,yes,yes,
core/geotechnical/TEST.md,TEST.md,3684,core,,,yes,yes,
core/geotechnical/geotechnical-rapid-revision.md,geotechnical-rapid-revision.md,9016,core,,,yes,yes,
core/geotechnical/geotechnical.md,geotechnical.md,11651,core,,,yes,yes,
core/geotechnical/role-study-plan.md,role-study-plan.md,20948,core,,,yes,yes,
core/hwre/ERROR_ANALYSIS.md,ERROR_ANALYSIS.md,3032,core,,,yes,yes,
core/hwre/HWRE_30_60_90_DAY_PLAN.md,HWRE_30_60_90_DAY_PLAN.md,9838,core,,,yes,yes,
core/hwre/HWRE_ROADMAP.md,HWRE_ROADMAP.md,5932,core,,,yes,yes,
core/hwre/INTERVIEW.md,INTERVIEW.md,11791,core,,,yes,yes,
core/hwre/MASTER_INDEX.md,MASTER_INDEX.md,5003,core,,,yes,yes,
core/hwre/MODELLING.md,MODELLING.md,5724,core,,,yes,yes,
core/hwre/RAPID_REVISION.md,RAPID_REVISION.md,3651,core,,,yes,yes,
core/hwre/README.md,README.md,6537,core,,,yes,yes,
core/hwre/TRAPS.md,TRAPS.md,4688,core,,,yes,yes,
core/hwre/hwre-rapid-revision.md,hwre-rapid-revision.md,5114,core,,,yes,yes,
core/hwre/role-study-plan.md,role-study-plan.md,9924,core,,,yes,yes,
core/hwre/_SYSTEM/HWRE_AUDIT_STATE.md,HWRE_AUDIT_STATE.md,2382,core,,,yes,yes,
core/hwre/_SYSTEM/HWRE_COMPLETENESS_MATRIX.md,HWRE_COMPLETENESS_MATRIX.md,2454,core,,,yes,yes,
core/hwre/_SYSTEM/HWRE_FILE_INVENTORY.md,HWRE_FILE_INVENTORY.md,3962,core,,,yes,yes,
core/hwre/_SYSTEM/HWRE_REPO_MAP.md,HWRE_REPO_MAP.md,4789,core,,,yes,yes,
core/hwre/exam_notes/hwre-exam-notes.md,hwre-exam-notes.md,12534,core,,,yes,yes,
core/hwre/flood_control/flood-control.md,flood-control.md,11574,core,,,yes,yes,
core/hwre/formulas/hwre-formulas.md,hwre-formulas.md,15980,core,,,yes,yes,
core/hwre/hydraulics/hydraulics-rapid-revision.md,hydraulics-rapid-revision.md,8413,core,,,yes,yes,
core/hwre/hydraulics/hydraulics.md,hydraulics.md,33827,core,,,yes,yes,
core/hwre/hydraulics/role-study-plan.md,role-study-plan.md,19424,core,,,yes,yes,
core/hwre/hydraulics/turbulence-modeling.md,turbulence-modeling.md,13588,core,,,yes,yes,
core/hwre/hydrology/hydrology-rapid-revision.md,hydrology-rapid-revision.md,9104,core,,,yes,yes,
core/hwre/hydrology/hydrology.md,hydrology.md,30114,core,,,yes,yes,
core/hwre/hydrology/role-study-plan.md,role-study-plan.md,16696,core,,,yes,yes,
core/hwre/hydrology/sediment-transport.md,sediment-transport.md,13041,core,,,yes,yes,
core/hwre/irrigation/irrigation-engineering.md,irrigation-engineering.md,19240,core,,,yes,yes,
core/hwre/mocks/hwre-mock-1.md,hwre-mock-1.md,6128,core,,,yes,yes,
core/hwre/open_channel_flow/open-channel-flow.md,open-channel-flow.md,34341,core,,,yes,yes,
core/hwre/practice/hwre-practice.md,hwre-practice.md,14371,core,,,yes,yes,
core/hwre/wastewater/wastewater-engineering.md,wastewater-engineering.md,10682,core,,,yes,yes,
core/hwre/water_resources/water-resources-engineering.md,water-resources-engineering.md,27354,core,,,yes,yes,
core/hwre/water_supply/groundwater.md,groundwater.md,11500,core,,,yes,yes,
core/hwre/water_supply/water-supply.md,water-supply.md,11197,core,,,yes,yes,
core/infrastructure/INTERVIEW.md,INTERVIEW.md,5137,core,,,yes,yes,
core/infrastructure/PRACTICE.md,PRACTICE.md,5755,core,,,yes,yes,
core/infrastructure/README.md,README.md,1649,core,,,yes,yes,
core/infrastructure/TEST.md,TEST.md,3467,core,,,yes,yes,
core/infrastructure/construction-rapid-revision.md,construction-rapid-revision.md,8709,core,,,yes,yes,
core/infrastructure/construction-role-study-plan.md,construction-role-study-plan.md,18831,core,,,yes,yes,
core/infrastructure/infrastructure-engineering-management.md,infrastructure-engineering-management.md,36326,core,,,yes,yes,
core/infrastructure/infrastructure-rapid-revision.md,infrastructure-rapid-revision.md,8598,core,,,yes,yes,
core/infrastructure/role-study-plan.md,role-study-plan.md,19507,core,,,yes,yes,
core/rcc/INTERVIEW.md,INTERVIEW.md,11233,core,,,yes,yes,
core/rcc/PRACTICE.md,PRACTICE.md,12555,core,,,yes,yes,
core/rcc/RAPID_REVISION.md,RAPID_REVISION.md,3556,core,,,yes,yes,
core/rcc/TEST.md,TEST.md,5126,core,,,yes,yes,
core/rcc/rcc-design.md,rcc-design.md,37873,core,,,yes,yes,
core/rcc/role-study-plan.md,role-study-plan.md,8890,core,,,yes,yes,
core/steel/INTERVIEW.md,INTERVIEW.md,10821,core,,,yes,yes,
core/steel/PRACTICE.md,PRACTICE.md,9935,core,,,yes,yes,
core/steel/RAPID_REVISION.md,RAPID_REVISION.md,3611,core,,,yes,yes,
core/steel/TEST.md,TEST.md,4997,core,,,yes,yes,
core/steel/steel-design.md,steel-design.md,33192,core,,,yes,yes,
core/structural-analysis/INTERVIEW.md,INTERVIEW.md,12592,core,,,yes,yes,
core/structural-analysis/PRACTICE.md,PRACTICE.md,11632,core,,,yes,yes,
core/structural-analysis/RAPID_REVISION.md,RAPID_REVISION.md,3425,core,,,yes,yes,
core/structural-analysis/TEST.md,TEST.md,5050,core,,,yes,yes,
core/structural-analysis/structural-analysis.md,structural-analysis.md,26408,core,,,yes,yes,
core/structures/README.md,README.md,1164,core,,,yes,yes,
core/structures/role-study-plan.md,role-study-plan.md,7445,core,,,yes,yes,
core/structures/structural-rapid-revision.md,structural-rapid-revision.md,3963,core,,,yes,yes,
core/structures/structures.md,structures.md,14304,core,,,yes,yes,
core/transportation/INTERVIEW.md,INTERVIEW.md,5030,core,,,yes,yes,
core/transportation/PRACTICE.md,PRACTICE.md,6200,core,,,yes,yes,
core/transportation/README.md,README.md,1459,core,,,yes,yes,
core/transportation/TEST.md,TEST.md,3544,core,,,yes,yes,
core/transportation/role-study-plan.md,role-study-plan.md,21293,core,,,yes,yes,
core/transportation/transportation-engineering.md,transportation-engineering.md,22963,core,,,yes,yes,
core/transportation/transportation-rapid-revision.md,transportation-rapid-revision.md,8898,core,,,yes,yes,
core/transportation/transportation-software.md,transportation-software.md,5468,core,,,yes,yes,
docs/ASSESSMENT_ARCHITECTURE.md,ASSESSMENT_ARCHITECTURE.md,11403,docs,,,yes,yes,
docs/BEHAVIOURAL_HR_GUIDE.md,BEHAVIOURAL_HR_GUIDE.md,1732,docs,,,yes,yes,
docs/COMPANIES.md,COMPANIES.md,1985,docs,,,yes,yes,
docs/CONTRIBUTING.md,CONTRIBUTING.md,2375,docs,,,yes,yes,
docs/GETTING_STARTED.md,GETTING_STARTED.md,2995,docs,,,yes,yes,
docs/HOW_TO_USE.md,HOW_TO_USE.md,2660,docs,,,yes,yes,
docs/IITK_PLACEMENT_MAP.md,IITK_PLACEMENT_MAP.md,12113,docs,,,yes,yes,
docs/INTERVIEW_GUIDE.md,INTERVIEW_GUIDE.md,1963,docs,,,yes,yes,
docs/MASTER_NAVIGATION.md,MASTER_NAVIGATION.md,7648,docs,,,yes,yes,
docs/PREPARATION_WORKFLOW.md,PREPARATION_WORKFLOW.md,5625,docs,,,yes,yes,
docs/RAPID_REVISION_GUIDE.md,RAPID_REVISION_GUIDE.md,1656,docs,,,yes,yes,
docs/README.md,README.md,4556,docs,,,yes,yes,
docs/ROLES.md,ROLES.md,2021,docs,,,yes,yes,
docs/SOURCE_POLICY.md,SOURCE_POLICY.md,3769,docs,,,yes,yes,
docs/TESTING_GUIDE.md,TESTING_GUIDE.md,10416,docs,,,yes,yes,
docs/TRACKS.md,TRACKS.md,3302,docs,,,yes,yes,
docs/accuracy-review-2026-09.md,accuracy-review-2026-09.md,5750,docs,,,yes,yes,
docs/architecture.md,architecture.md,6972,docs,,,yes,yes,
docs/content-standards.md,content-standards.md,8512,docs,,,yes,yes,
docs/deep-critical-audit.md,deep-critical-audit.md,73515,docs,,,yes,yes,
docs/placement-control-panel.md,placement-control-panel.md,10302,docs,,,yes,yes,
docs/roadmap.md,roadmap.md,17245,docs,,,yes,yes,
docs/setup.md,setup.md,2556,docs,,,yes,yes,
docs/start-here.md,start-here.md,6152,docs,,,yes,yes,
docs/_SYSTEM/DOCS_AUDIT_STATE.md,DOCS_AUDIT_STATE.md,4462,docs,,,yes,yes,
docs/_SYSTEM/DOCS_CONTENT_REGISTRY.md,DOCS_CONTENT_REGISTRY.md,3238,docs,,,yes,yes,
docs/_SYSTEM/DOCS_FILE_MAP.md,DOCS_FILE_MAP.md,5456,docs,,,yes,yes,
docs/_SYSTEM/DOCS_LINK_AUDIT.md,DOCS_LINK_AUDIT.md,3802,docs,,,yes,yes,
docs/audit/aptitude-audit-2026-09.md,aptitude-audit-2026-09.md,52841,docs,,,yes,yes,
docs/audit/gate-o-pedia-gap-analysis.md,gate-o-pedia-gap-analysis.md,17264,docs,,,yes,yes,
docs/audit/gate_opedia_corrected_analysis.json,gate_opedia_corrected_analysis.json,92198,docs,,,yes,yes,
docs/audit/gate_opedia_full_analysis.md,gate_opedia_full_analysis.md,34648,docs,,,yes,yes,
docs/audit/gate_opedia_structure.md,gate_opedia_structure.md,1496,docs,,,yes,yes,
docs/audit/gate_opedia_taxonomy.json,gate_opedia_taxonomy.json,215235,docs,,,yes,yes,
docs/sources/gate-o-pedia.md,gate-o-pedia.md,5240,docs,,,yes,yes,
docs/templates/README.md,README.md,1887,docs,,,yes,yes,
docs/templates/career.md,career.md,1706,docs,,,yes,yes,
docs/templates/concept.md,concept.md,1481,docs,,,yes,yes,
docs/templates/interview.md,interview.md,1331,docs,,,yes,yes,
docs/templates/numerical.md,numerical.md,1210,docs,,,yes,yes,
docs/templates/project.md,project.md,1547,docs,,,yes,yes,
docs/templates/resource.md,resource.md,1760,docs,,,yes,yes,
docs/templates/revision.md,revision.md,1543,docs,,,yes,yes,
docs/templates/software.md,software.md,1383,docs,,,yes,yes,
index/README.md,README.md,9603,index,,,yes,yes,
index/SOURCE_MIGRATION_MAP.csv,SOURCE_MIGRATION_MAP.csv,12418,index,,,yes,yes,
index/file_inventory.csv,file_inventory.csv,53268,index,,,yes,yes,
index/master_index.md,master_index.md,21215,index,,,yes,yes,
index/metrics.json,metrics.json,1522,index,,,yes,yes,
index/source_map.csv,source_map.csv,12418,index,,,yes,yes,
index/topic_map.md,topic_map.md,15100,index,,,yes,yes,
index/topics.md,topics.md,21688,index,,,yes,yes,
non-core/README.md,README.md,9809,non-core,,,yes,yes,
non-core/placement-roadmap.md,placement-roadmap.md,9928,non-core,,,yes,yes,
non-core/role-selector.md,role-selector.md,15994,non-core,,,yes,yes,
non-core/analytics/non-core-prep.md,non-core-prep.md,5680,non-core,,,yes,yes,
non-core/analytics/technical-stack.md,technical-stack.md,12015,non-core,,,yes,yes,
non-core/business-analyst/README.md,README.md,1200,non-core,,,yes,yes,
non-core/business-analyst/ba-overview.md,ba-overview.md,6692,non-core,,,yes,yes,
non-core/business-analyst/ba-rapid-revision.md,ba-rapid-revision.md,2931,non-core,,,yes,yes,
non-core/business-analyst/role-study-plan.md,role-study-plan.md,6926,non-core,,,yes,yes,
non-core/business-analyst/sql-practice.md,sql-practice.md,10906,non-core,,,yes,yes,
non-core/business-operations/biz-ops-overview.md,biz-ops-overview.md,4367,non-core,,,yes,yes,
non-core/business-operations/biz-ops-rapid-revision.md,biz-ops-rapid-revision.md,7627,non-core,,,yes,yes,
non-core/business-operations/role-study-plan.md,role-study-plan.md,17410,non-core,,,yes,yes,
non-core/case-interviews/case-communication.md,case-communication.md,8216,non-core,,,yes,yes,
non-core/case-interviews/case-simulation-suite.md,case-simulation-suite.md,12141,non-core,,,yes,yes,
non-core/case-interviews/framework-library.md,framework-library.md,10113,non-core,,,yes,yes,
non-core/common/README.md,README.md,5166,non-core,,,yes,yes,
non-core/common/aptitude-bridge.md,aptitude-bridge.md,8314,non-core,,,yes,yes,
non-core/common/behavioral.md,behavioral.md,10160,non-core,,,yes,yes,
non-core/common/business-fundamentals.md,business-fundamentals.md,13211,non-core,,,yes,yes,
non-core/common/communication.md,communication.md,7258,non-core,,,yes,yes,
non-core/common/hr.md,hr.md,9341,non-core,,,yes,yes,
non-core/common/interview-frameworks.md,interview-frameworks.md,10144,non-core,,,yes,yes,
non-core/common/interview-readiness.md,interview-readiness.md,17600,non-core,,,yes,yes,
non-core/common/resume.md,resume.md,7820,non-core,,,yes,yes,
non-core/consulting/README.md,README.md,1444,non-core,,,yes,yes,
non-core/consulting/case-bank.md,case-bank.md,16918,non-core,,,yes,yes,
non-core/consulting/case-frameworks.md,case-frameworks.md,15552,non-core,,,yes,yes,
non-core/consulting/consulting-overview.md,consulting-overview.md,6361,non-core,,,yes,yes,
non-core/consulting/consulting-rapid-revision.md,consulting-rapid-revision.md,4804,non-core,,,yes,yes,
non-core/consulting/role-study-plan.md,role-study-plan.md,8626,non-core,,,yes,yes,
non-core/data-analyst/README.md,README.md,1228,non-core,,,yes,yes,
non-core/data-analyst/da-overview.md,da-overview.md,6634,non-core,,,yes,yes,
non-core/data-analyst/da-rapid-revision.md,da-rapid-revision.md,4725,non-core,,,yes,yes,
non-core/data-analyst/role-study-plan.md,role-study-plan.md,8277,non-core,,,yes,yes,
non-core/data-analyst/statistics-practice.md,statistics-practice.md,9743,non-core,,,yes,yes,
non-core/finance/README.md,README.md,1033,non-core,,,yes,yes,
non-core/finance/finance-overview.md,finance-overview.md,6432,non-core,,,yes,yes,
non-core/finance/finance-rapid-revision.md,finance-rapid-revision.md,9245,non-core,,,yes,yes,
non-core/finance/role-study-plan.md,role-study-plan.md,21575,non-core,,,yes,yes,
non-core/guesstimates/guesstimate-guide.md,guesstimate-guide.md,18646,non-core,,,yes,yes,
non-core/mock-interviews/mock-system.md,mock-system.md,10591,non-core,,,yes,yes,
non-core/operations/README.md,README.md,1100,non-core,,,yes,yes,
non-core/operations/operations-overview.md,operations-overview.md,5637,non-core,,,yes,yes,
non-core/operations/operations-rapid-revision.md,operations-rapid-revision.md,7289,non-core,,,yes,yes,
non-core/operations/role-study-plan.md,role-study-plan.md,17615,non-core,,,yes,yes,
non-core/product-analyst/pa-overview.md,pa-overview.md,5513,non-core,,,yes,yes,
non-core/product-analyst/pa-rapid-revision.md,pa-rapid-revision.md,11438,non-core,,,yes,yes,
non-core/product-analyst/role-study-plan.md,role-study-plan.md,22219,non-core,,,yes,yes,
non-core/product-management/README.md,README.md,1459,non-core,,,yes,yes,
non-core/product-management/pm-metrics-strategy.md,pm-metrics-strategy.md,6731,non-core,,,yes,yes,
non-core/product-management/pm-overview.md,pm-overview.md,5502,non-core,,,yes,yes,
non-core/product-management/pm-rapid-revision.md,pm-rapid-revision.md,7408,non-core,,,yes,yes,
non-core/product-management/product-sense.md,product-sense.md,7407,non-core,,,yes,yes,
non-core/product-management/role-study-plan.md,role-study-plan.md,13448,non-core,,,yes,yes,
non-core/program-management/pgm-overview.md,pgm-overview.md,5696,non-core,,,yes,yes,
non-core/program-management/pgm-rapid-revision.md,pgm-rapid-revision.md,7001,non-core,,,yes,yes,
non-core/program-management/role-study-plan.md,role-study-plan.md,19089,non-core,,,yes,yes,
non-core/quick-revision/quick-revision.md,quick-revision.md,7020,non-core,,,yes,yes,
non-core/resume-positioning/civil-to-noncore.md,civil-to-noncore.md,7472,non-core,,,yes,yes,
non-core/resume-positioning/resume-templates.md,resume-templates.md,6103,non-core,,,yes,yes,
non-core/risk/README.md,README.md,1017,non-core,,,yes,yes,
non-core/risk/risk-overview.md,risk-overview.md,6399,non-core,,,yes,yes,
non-core/risk/risk-rapid-revision.md,risk-rapid-revision.md,11046,non-core,,,yes,yes,
non-core/risk/role-study-plan.md,role-study-plan.md,22249,non-core,,,yes,yes,
non-core/strategy/README.md,README.md,1057,non-core,,,yes,yes,
non-core/strategy/role-study-plan.md,role-study-plan.md,17951,non-core,,,yes,yes,
non-core/strategy/strategy-overview.md,strategy-overview.md,5146,non-core,,,yes,yes,
non-core/strategy/strategy-rapid-revision.md,strategy-rapid-revision.md,7070,non-core,,,yes,yes,
non-core/supply-chain/role-study-plan.md,role-study-plan.md,21006,non-core,,,yes,yes,
non-core/supply-chain/supply-chain-overview.md,supply-chain-overview.md,6231,non-core,,,yes,yes,
non-core/supply-chain/supply-chain-rapid-revision.md,supply-chain-rapid-revision.md,10483,non-core,,,yes,yes,
non-core/technology/role-study-plan.md,role-study-plan.md,17233,non-core,,,yes,yes,
non-core/technology/tech-overview.md,tech-overview.md,5378,non-core,,,yes,yes,
non-core/technology/tech-rapid-revision.md,tech-rapid-revision.md,8106,non-core,,,yes,yes,
prep/30_14_7_DAY_PLAN.md,30_14_7_DAY_PLAN.md,6872,prep,,,yes,yes,
prep/CASE_GD.md,CASE_GD.md,3666,prep,,,yes,yes,
prep/INTERVIEW_TOMORROW.md,INTERVIEW_TOMORROW.md,4295,prep,,,yes,yes,
prep/MASTER_PREP_PLAN.md,MASTER_PREP_PLAN.md,9326,prep,,,yes,yes,
prep/MOCK_INTERVIEW.md,MOCK_INTERVIEW.md,4668,prep,,,yes,yes,
prep/PLACEMENT_CHECKLIST.md,PLACEMENT_CHECKLIST.md,3840,prep,,,yes,yes,
prep/PLACEMENT_COMMUNICATION.md,PLACEMENT_COMMUNICATION.md,3946,prep,,,yes,yes,
prep/PROJECT_DEFENCE.md,PROJECT_DEFENCE.md,4662,prep,,,yes,yes,
prep/RAPID_REVISION.md,RAPID_REVISION.md,4512,prep,,,yes,yes,
prep/READINESS_SCORECARD.md,READINESS_SCORECARD.md,13727,prep,,,yes,yes,
prep/README.md,README.md,7488,prep,,,yes,yes,
prep/SELECTION_STAGE_MAP.md,SELECTION_STAGE_MAP.md,8016,prep,,,yes,yes,
prep/APTITUDE/README.md,README.md,3342,prep,,,yes,yes,
prep/RESUME/README.md,README.md,1106,prep,,,yes,yes,
prep/RESUME/RESUME_AUDIT.md,RESUME_AUDIT.md,3041,prep,,,yes,yes,
prep/RESUME/RESUME_DEFENSE.md,RESUME_DEFENSE.md,4185,prep,,,yes,yes,
prep/_SYSTEM/PREP_COMPLETENESS_MATRIX.md,PREP_COMPLETENESS_MATRIX.md,1828,prep,,,yes,yes,
prep/_SYSTEM/PREP_FOLDER_QUEUE.md,PREP_FOLDER_QUEUE.md,3396,prep,,,yes,yes,
prep/_SYSTEM/PREP_PROCESS_STATE.md,PREP_PROCESS_STATE.md,2165,prep,,,yes,yes,
prep/_SYSTEM/PREP_REQUIRED_FILES.md,PREP_REQUIRED_FILES.md,3841,prep,,,yes,yes,
prep/behavioral/README.md,README.md,10942,prep,,,yes,yes,
prep/behavioral/answer-quality-checker.md,answer-quality-checker.md,5108,prep,,,yes,yes,
prep/behavioral/behavioral-interview-guide.md,behavioral-interview-guide.md,21164,prep,,,yes,yes,
prep/behavioral/civil-hwre-behavioral.md,civil-hwre-behavioral.md,11428,prep,,,yes,yes,
prep/behavioral/company-fit-analysis.md,company-fit-analysis.md,6601,prep,,,yes,yes,
prep/behavioral/group-discussion-mastery.md,group-discussion-mastery.md,7463,prep,,,yes,yes,
prep/behavioral/iitk-pg-questions.md,iitk-pg-questions.md,12818,prep,,,yes,yes,
prep/behavioral/pressure-interview-survival.md,pressure-interview-survival.md,6285,prep,,,yes,yes,
prep/behavioral/question-master-database.md,question-master-database.md,23058,prep,,,yes,yes,
prep/behavioral/questions-to-ask-interviewer.md,questions-to-ask-interviewer.md,6235,prep,,,yes,yes,
prep/behavioral/rapid-revision-cards.md,rapid-revision-cards.md,5677,prep,,,yes,yes,
prep/behavioral/resume-defense-system.md,resume-defense-system.md,8113,prep,,,yes,yes,
prep/behavioral/revision-roadmaps.md,revision-roadmaps.md,9287,prep,,,yes,yes,
prep/behavioral/situational-judgment-questions.md,situational-judgment-questions.md,15403,prep,,,yes,yes,
prep/behavioral/conflict_resolution/conflict-resolution.md,conflict-resolution.md,13664,prep,,,yes,yes,
prep/behavioral/frameworks/answer-framework-library.md,answer-framework-library.md,12649,prep,,,yes,yes,
prep/behavioral/hr_questions/hr-questions-bank.md,hr-questions-bank.md,23779,prep,,,yes,yes,
prep/behavioral/hr_questions/hr-technical-hybrid-questions.md,hr-technical-hybrid-questions.md,16658,prep,,,yes,yes,
prep/behavioral/leadership/leadership.md,leadership.md,14714,prep,,,yes,yes,
prep/behavioral/mock-interviews/mock-interview-system.md,mock-interview-system.md,5988,prep,,,yes,yes,
prep/behavioral/self_intro/self-introduction-system.md,self-introduction-system.md,10962,prep,,,yes,yes,
prep/behavioral/self_intro/self-introduction.md,self-introduction.md,12996,prep,,,yes,yes,
prep/behavioral/story-bank/adaptability-stories.md,adaptability-stories.md,13159,prep,,,yes,yes,
prep/behavioral/story-bank/communication-stories.md,communication-stories.md,12970,prep,,,yes,yes,
prep/behavioral/story-bank/integrity-stories.md,integrity-stories.md,13689,prep,,,yes,yes,
prep/behavioral/story-bank/leadership-stories.md,leadership-stories.md,19250,prep,,,yes,yes,
prep/behavioral/story-bank/problem-solving-stories.md,problem-solving-stories.md,13322,prep,,,yes,yes,
prep/behavioral/story-bank/teamwork-stories.md,teamwork-stories.md,11817,prep,,,yes,yes,
prep/behavioral/strategies/answering-strategies.md,answering-strategies.md,11154,prep,,,yes,yes,
prep/behavioral/strategies/follow-up-attack-system.md,follow-up-attack-system.md,5370,prep,,,yes,yes,
prep/behavioral/teamwork/teamwork.md,teamwork.md,13675,prep,,,yes,yes,
prep/company-profiles/README.md,README.md,6377,prep,,,yes,yes,
prep/company-profiles/cei-american.md,cei-american.md,3863,prep,,,yes,yes,
prep/company-profiles/civil-asc-infratech.md,civil-asc-infratech.md,5306,prep,,,yes,yes,
prep/company-profiles/civil-bpcl.md,civil-bpcl.md,4529,prep,,,yes,yes,
prep/company-profiles/civil-cross-company-strategy.md,civil-cross-company-strategy.md,11685,prep,,,yes,yes,
prep/company-profiles/civil-dimension-renewables.md,civil-dimension-renewables.md,3838,prep,,,yes,yes,
prep/company-profiles/civil-gist.md,civil-gist.md,3728,prep,,,yes,yes,
prep/company-profiles/civil-godrej-properties.md,civil-godrej-properties.md,18829,prep,,,yes,yes,
prep/company-profiles/civil-hilti.md,civil-hilti.md,15817,prep,,,yes,yes,
prep/company-profiles/civil-hpcl.md,civil-hpcl.md,3528,prep,,,yes,yes,
prep/company-profiles/civil-itc.md,civil-itc.md,3847,prep,,,yes,yes,
prep/company-profiles/civil-jsw.md,civil-jsw.md,3480,prep,,,yes,yes,
prep/company-profiles/civil-low-tier-all.md,civil-low-tier-all.md,5341,prep,,,yes,yes,
prep/company-profiles/civil-lt.md,civil-lt.md,24596,prep,,,yes,yes,
prep/company-profiles/civil-petronet-lng.md,civil-petronet-lng.md,3563,prep,,,yes,yes,
prep/company-profiles/civil-reliance-industries.md,civil-reliance-industries.md,3783,prep,,,yes,yes,
prep/company-profiles/civil-reliance-new-energy.md,civil-reliance-new-energy.md,16886,prep,,,yes,yes,
prep/company-profiles/civil-rodic.md,civil-rodic.md,14423,prep,,,yes,yes,
prep/company-profiles/civil-smarttrak.md,civil-smarttrak.md,4169,prep,,,yes,yes,
prep/company-profiles/civil-spectrum.md,civil-spectrum.md,4953,prep,,,yes,yes,
prep/company-profiles/civil-thornton-tomasetti.md,civil-thornton-tomasetti.md,19527,prep,,,yes,yes,
prep/company-profiles/civil-tutr-hyperloop.md,civil-tutr-hyperloop.md,3735,prep,,,yes,yes,
prep/company-profiles/civil-vassarlabs.md,civil-vassarlabs.md,7316,prep,,,yes,yes,
prep/company-profiles/company-profiles.md,company-profiles.md,12481,prep,,,yes,yes,
prep/company-profiles/darwinbox.md,darwinbox.md,3670,prep,,,yes,yes,
prep/company-profiles/deltax.md,deltax.md,3787,prep,,,yes,yes,
prep/company-profiles/expeditor.md,expeditor.md,4792,prep,,,yes,yes,
prep/company-profiles/hiremi.md,hiremi.md,2975,prep,,,yes,yes,
prep/company-profiles/hubstream.md,hubstream.md,2995,prep,,,yes,yes,
prep/company-profiles/interview-experiences.md,interview-experiences.md,8483,prep,,,yes,yes,
prep/company-profiles/johnson-controls.md,johnson-controls.md,4547,prep,,,yes,yes,
prep/company-profiles/mu-sigma.md,mu-sigma.md,4280,prep,,,yes,yes,
prep/company-profiles/schneider-electric.md,schneider-electric.md,6608,prep,,,yes,yes,
prep/company-profiles/tech-mahindra.md,tech-mahindra.md,6652,prep,,,yes,yes,
prep/company-profiles/corporate-targets/README.md,README.md,24496,prep,,,yes,yes,
prep/company-profiles/corporate-targets/01_water-consulting/022_aecom.md,022_aecom.md,3812,prep,,,yes,yes,
prep/company-profiles/corporate-targets/01_water-consulting/023_mott-macdonald.md,023_mott-macdonald.md,3841,prep,,,yes,yes,
prep/company-profiles/corporate-targets/01_water-consulting/024_jacobs.md,024_jacobs.md,3832,prep,,,yes,yes,
prep/company-profiles/corporate-targets/01_water-consulting/026_stantec.md,026_stantec.md,3817,prep,,,yes,yes,
prep/company-profiles/corporate-targets/01_water-consulting/027_ramboll.md,027_ramboll.md,3820,prep,,,yes,yes,
prep/company-profiles/corporate-targets/01_water-consulting/028_royal-haskoningdhv.md,028_royal-haskoningdhv.md,3880,prep,,,yes,yes,
prep/company-profiles/corporate-targets/01_water-consulting/029_black-and-veatch.md,029_black-and-veatch.md,3688,prep,,,yes,yes,
prep/company-profiles/corporate-targets/01_water-consulting/032_atkinsrealis.md,032_atkinsrealis.md,3736,prep,,,yes,yes,
prep/company-profiles/corporate-targets/01_water-consulting/033_wsp.md,033_wsp.md,3654,prep,,,yes,yes,
prep/company-profiles/corporate-targets/01_water-consulting/034_arcadis.md,034_arcadis.md,3668,prep,,,yes,yes,
prep/company-profiles/corporate-targets/01_water-consulting/038_cdm-smith.md,038_cdm-smith.md,3649,prep,,,yes,yes,
prep/company-profiles/corporate-targets/01_water-consulting/039_tetra-tech.md,039_tetra-tech.md,3674,prep,,,yes,yes,
prep/company-profiles/corporate-targets/01_water-consulting/041_nippon-koei.md,041_nippon-koei.md,3666,prep,,,yes,yes,
prep/company-profiles/corporate-targets/01_water-consulting/072_ghd.md,072_ghd.md,3615,prep,,,yes,yes,
prep/company-profiles/corporate-targets/01_water-consulting/073_cowi.md,073_cowi.md,3628,prep,,,yes,yes,
prep/company-profiles/corporate-targets/01_water-consulting/080_lea-associates.md,080_lea-associates.md,3711,prep,,,yes,yes,
prep/company-profiles/corporate-targets/01_water-consulting/081_mahindra-consulting.md,081_mahindra-consulting.md,3720,prep,,,yes,yes,
prep/company-profiles/corporate-targets/01_water-consulting/082_ipe-global.md,082_ipe-global.md,3677,prep,,,yes,yes,
prep/company-profiles/corporate-targets/01_water-consulting/README.md,README.md,2826,prep,,,yes,yes,
prep/company-profiles/corporate-targets/02_water-resources-gis/001_vassarlabs.md,001_vassarlabs.md,3945,prep,,,yes,yes,
prep/company-profiles/corporate-targets/02_water-resources-gis/036_rmsi.md,036_rmsi.md,3824,prep,,,yes,yes,
prep/company-profiles/corporate-targets/02_water-resources-gis/077_secon.md,077_secon.md,3639,prep,,,yes,yes,
prep/company-profiles/corporate-targets/02_water-resources-gis/README.md,README.md,1256,prep,,,yes,yes,
prep/company-profiles/corporate-targets/03_water-epc-infrastructure/044_lt-water-effluent.md,044_lt-water-effluent.md,3913,prep,,,yes,yes,
prep/company-profiles/corporate-targets/03_water-epc-infrastructure/045_lt-heavy-civil.md,045_lt-heavy-civil.md,3923,prep,,,yes,yes,
prep/company-profiles/corporate-targets/03_water-epc-infrastructure/046_tata-projects.md,046_tata-projects.md,3835,prep,,,yes,yes,
prep/company-profiles/corporate-targets/03_water-epc-infrastructure/047_afcons-infrastructure.md,047_afcons-infrastructure.md,3862,prep,,,yes,yes,
prep/company-profiles/corporate-targets/03_water-epc-infrastructure/048_hcc.md,048_hcc.md,3718,prep,,,yes,yes,
prep/company-profiles/corporate-targets/03_water-epc-infrastructure/049_megha-engineering.md,049_megha-engineering.md,3728,prep,,,yes,yes,
prep/company-profiles/corporate-targets/03_water-epc-infrastructure/050_patel-engineering.md,050_patel-engineering.md,3699,prep,,,yes,yes,
prep/company-profiles/corporate-targets/03_water-epc-infrastructure/051_kec-international.md,051_kec-international.md,3731,prep,,,yes,yes,
prep/company-profiles/corporate-targets/03_water-epc-infrastructure/052_kalpataru-projects.md,052_kalpataru-projects.md,3710,prep,,,yes,yes,
prep/company-profiles/corporate-targets/03_water-epc-infrastructure/053_itd-cementation.md,053_itd-cementation.md,3673,prep,,,yes,yes,
prep/company-profiles/corporate-targets/03_water-epc-infrastructure/054_shapoorji-pallonji.md,054_shapoorji-pallonji.md,3697,prep,,,yes,yes,
prep/company-profiles/corporate-targets/03_water-epc-infrastructure/055_ncc.md,055_ncc.md,3649,prep,,,yes,yes,
prep/company-profiles/corporate-targets/03_water-epc-infrastructure/056_dilip-buildcon.md,056_dilip-buildcon.md,3663,prep,,,yes,yes,
prep/company-profiles/corporate-targets/03_water-epc-infrastructure/095_pnc-infratech.md,095_pnc-infratech.md,3671,prep,,,yes,yes,
prep/company-profiles/corporate-targets/03_water-epc-infrastructure/096_welspun-enterprises.md,096_welspun-enterprises.md,3691,prep,,,yes,yes,
prep/company-profiles/corporate-targets/03_water-epc-infrastructure/103_lt-minerals-metals.md,103_lt-minerals-metals.md,3742,prep,,,yes,yes,
prep/company-profiles/corporate-targets/03_water-epc-infrastructure/119_bechtel-fluor.md,119_bechtel-fluor.md,3717,prep,,,yes,yes,
prep/company-profiles/corporate-targets/03_water-epc-infrastructure/README.md,README.md,2970,prep,,,yes,yes,
prep/company-profiles/corporate-targets/04_hydropower-pumped-storage/017_dimension-renewables.md,017_dimension-renewables.md,3825,prep,,,yes,yes,
prep/company-profiles/corporate-targets/04_hydropower-pumped-storage/063_greenko-group.md,063_greenko-group.md,3824,prep,,,yes,yes,
prep/company-profiles/corporate-targets/04_hydropower-pumped-storage/088_tata-power-hydro.md,088_tata-power-hydro.md,3889,prep,,,yes,yes,
prep/company-profiles/corporate-targets/04_hydropower-pumped-storage/089_adani-green-hydro.md,089_adani-green-hydro.md,3709,prep,,,yes,yes,
prep/company-profiles/corporate-targets/04_hydropower-pumped-storage/090_statkraft.md,090_statkraft.md,3673,prep,,,yes,yes,
prep/company-profiles/corporate-targets/04_hydropower-pumped-storage/091_renew-power.md,091_renew-power.md,3695,prep,,,yes,yes,
prep/company-profiles/corporate-targets/04_hydropower-pumped-storage/092_sembcorp.md,092_sembcorp.md,3682,prep,,,yes,yes,
prep/company-profiles/corporate-targets/04_hydropower-pumped-storage/README.md,README.md,1750,prep,,,yes,yes,
prep/company-profiles/corporate-targets/05_hydraulic-machinery-pumps/007_caterpillar.md,007_caterpillar.md,3935,prep,,,yes,yes,
prep/company-profiles/corporate-targets/05_hydraulic-machinery-pumps/064_andritz-hydro.md,064_andritz-hydro.md,3880,prep,,,yes,yes,
prep/company-profiles/corporate-targets/05_hydraulic-machinery-pumps/065_voith-hydro.md,065_voith-hydro.md,3700,prep,,,yes,yes,
prep/company-profiles/corporate-targets/05_hydraulic-machinery-pumps/066_ge-vernova-hydro.md,066_ge-vernova-hydro.md,3671,prep,,,yes,yes,
prep/company-profiles/corporate-targets/05_hydraulic-machinery-pumps/067_kirloskar-brothers.md,067_kirloskar-brothers.md,3695,prep,,,yes,yes,
prep/company-profiles/corporate-targets/05_hydraulic-machinery-pumps/068_ksb-pumps.md,068_ksb-pumps.md,3707,prep,,,yes,yes,
prep/company-profiles/corporate-targets/05_hydraulic-machinery-pumps/069_flowserve-sulzer.md,069_flowserve-sulzer.md,3728,prep,,,yes,yes,
prep/company-profiles/corporate-targets/05_hydraulic-machinery-pumps/107_triveni-engineering.md,107_triveni-engineering.md,3740,prep,,,yes,yes,
prep/company-profiles/corporate-targets/05_hydraulic-machinery-pumps/README.md,README.md,1920,prep,,,yes,yes,
prep/company-profiles/corporate-targets/06_cfd-simulation-engineering/002_tutr-hyperloop.md,002_tutr-hyperloop.md,3925,prep,,,yes,yes,
prep/company-profiles/corporate-targets/06_cfd-simulation-engineering/013_sedemac.md,013_sedemac.md,3938,prep,,,yes,yes,
prep/company-profiles/corporate-targets/06_cfd-simulation-engineering/016_mathworks.md,016_mathworks.md,3941,prep,,,yes,yes,
prep/company-profiles/corporate-targets/06_cfd-simulation-engineering/035_dhi-water-environment.md,035_dhi-water-environment.md,3862,prep,,,yes,yes,
prep/company-profiles/corporate-targets/06_cfd-simulation-engineering/037_bentley-systems.md,037_bentley-systems.md,3702,prep,,,yes,yes,
prep/company-profiles/corporate-targets/06_cfd-simulation-engineering/070_lt-technology-services.md,070_lt-technology-services.md,3720,prep,,,yes,yes,
prep/company-profiles/corporate-targets/06_cfd-simulation-engineering/108_siemens-digital-starccm.md,108_siemens-digital-starccm.md,3713,prep,,,yes,yes,
prep/company-profiles/corporate-targets/06_cfd-simulation-engineering/109_altair-engineering.md,109_altair-engineering.md,3714,prep,,,yes,yes,
prep/company-profiles/corporate-targets/06_cfd-simulation-engineering/110_dassault-simulia.md,110_dassault-simulia.md,3731,prep,,,yes,yes,
prep/company-profiles/corporate-targets/06_cfd-simulation-engineering/111_quest-global.md,111_quest-global.md,3683,prep,,,yes,yes,
prep/company-profiles/corporate-targets/06_cfd-simulation-engineering/113_tata-technologies.md,113_tata-technologies.md,3695,prep,,,yes,yes,
prep/company-profiles/corporate-targets/06_cfd-simulation-engineering/114_tata-elxsi.md,114_tata-elxsi.md,3655,prep,,,yes,yes,
prep/company-profiles/corporate-targets/06_cfd-simulation-engineering/115_zeus-numerix.md,115_zeus-numerix.md,3710,prep,,,yes,yes,
prep/company-profiles/corporate-targets/06_cfd-simulation-engineering/116_tridiagonal-solutions.md,116_tridiagonal-solutions.md,3738,prep,,,yes,yes,
prep/company-profiles/corporate-targets/06_cfd-simulation-engineering/117_detroit-engineered-products.md,117_detroit-engineered-products.md,3730,prep,,,yes,yes,
prep/company-profiles/corporate-targets/06_cfd-simulation-engineering/118_assystem.md,118_assystem.md,3674,prep,,,yes,yes,
prep/company-profiles/corporate-targets/06_cfd-simulation-engineering/120_buro-happold-cundall.md,120_buro-happold-cundall.md,3734,prep,,,yes,yes,
prep/company-profiles/corporate-targets/06_cfd-simulation-engineering/README.md,README.md,2960,prep,,,yes,yes,
prep/company-profiles/corporate-targets/07_structural-civil-consulting/003_thornton-tomasetti.md,003_thornton-tomasetti.md,3941,prep,,,yes,yes,
prep/company-profiles/corporate-targets/07_structural-civil-consulting/004_spectrum-techno.md,004_spectrum-techno.md,3983,prep,,,yes,yes,
prep/company-profiles/corporate-targets/07_structural-civil-consulting/008_hilti.md,008_hilti.md,3959,prep,,,yes,yes,
prep/company-profiles/corporate-targets/07_structural-civil-consulting/009_godrej-properties.md,009_godrej-properties.md,3908,prep,,,yes,yes,
prep/company-profiles/corporate-targets/07_structural-civil-consulting/020_smarttrak-ai.md,020_smarttrak-ai.md,3755,prep,,,yes,yes,
prep/company-profiles/corporate-targets/07_structural-civil-consulting/043_arup.md,043_arup.md,3673,prep,,,yes,yes,
prep/company-profiles/corporate-targets/07_structural-civil-consulting/075_stup-consultants.md,075_stup-consultants.md,3700,prep,,,yes,yes,
prep/company-profiles/corporate-targets/07_structural-civil-consulting/README.md,README.md,1804,prep,,,yes,yes,
prep/company-profiles/corporate-targets/08_water-treatment-environment/005_rodic-consultants.md,005_rodic-consultants.md,3889,prep,,,yes,yes,
prep/company-profiles/corporate-targets/08_water-treatment-environment/058_va-tech-wabag.md,058_va-tech-wabag.md,3849,prep,,,yes,yes,
prep/company-profiles/corporate-targets/08_water-treatment-environment/059_ion-exchange.md,059_ion-exchange.md,3711,prep,,,yes,yes,
prep/company-profiles/corporate-targets/08_water-treatment-environment/060_thermax-water.md,060_thermax-water.md,3706,prep,,,yes,yes,
prep/company-profiles/corporate-targets/08_water-treatment-environment/061_suez.md,061_suez.md,3678,prep,,,yes,yes,
prep/company-profiles/corporate-targets/08_water-treatment-environment/062_veolia.md,062_veolia.md,3677,prep,,,yes,yes,
prep/company-profiles/corporate-targets/08_water-treatment-environment/104_aquatech-systems.md,104_aquatech-systems.md,3710,prep,,,yes,yes,
prep/company-profiles/corporate-targets/08_water-treatment-environment/README.md,README.md,1713,prep,,,yes,yes,
prep/company-profiles/corporate-targets/09_energy-fluids-rnd/006_slb-schlumberger.md,006_slb-schlumberger.md,3916,prep,,,yes,yes,
prep/company-profiles/corporate-targets/09_energy-fluids-rnd/011_chevron.md,011_chevron.md,3975,prep,,,yes,yes,
prep/company-profiles/corporate-targets/09_energy-fluids-rnd/012_exxonmobil.md,012_exxonmobil.md,3890,prep,,,yes,yes,
prep/company-profiles/corporate-targets/09_energy-fluids-rnd/014_tata-steel.md,014_tata-steel.md,3897,prep,,,yes,yes,
prep/company-profiles/corporate-targets/09_energy-fluids-rnd/015_reliance-new-energy.md,015_reliance-new-energy.md,3769,prep,,,yes,yes,
prep/company-profiles/corporate-targets/09_energy-fluids-rnd/105_praj-industries.md,105_praj-industries.md,3683,prep,,,yes,yes,
prep/company-profiles/corporate-targets/09_energy-fluids-rnd/112_cyient.md,112_cyient.md,3648,prep,,,yes,yes,
prep/company-profiles/corporate-targets/09_energy-fluids-rnd/README.md,README.md,1791,prep,,,yes,yes,
prep/company-profiles/corporate-targets/10_infrastructure-highway-epc/057_lt-transportation-infra.md,057_lt-transportation-infra.md,3721,prep,,,yes,yes,
prep/company-profiles/corporate-targets/10_infrastructure-highway-epc/093_azure-power.md,093_azure-power.md,3649,prep,,,yes,yes,
prep/company-profiles/corporate-targets/10_infrastructure-highway-epc/094_ayana-renewable.md,094_ayana-renewable.md,3716,prep,,,yes,yes,
prep/company-profiles/corporate-targets/10_infrastructure-highway-epc/097_j-kumar-infra.md,097_j-kumar-infra.md,3720,prep,,,yes,yes,
prep/company-profiles/corporate-targets/10_infrastructure-highway-epc/098_jaiprakash-associates.md,098_jaiprakash-associates.md,3678,prep,,,yes,yes,
prep/company-profiles/corporate-targets/10_infrastructure-highway-epc/099_gammon-engineers.md,099_gammon-engineers.md,3716,prep,,,yes,yes,
prep/company-profiles/corporate-targets/10_infrastructure-highway-epc/100_ashoka-buildcon.md,100_ashoka-buildcon.md,3691,prep,,,yes,yes,
prep/company-profiles/corporate-targets/10_infrastructure-highway-epc/101_gr-infraprojects.md,101_gr-infraprojects.md,3701,prep,,,yes,yes,
prep/company-profiles/corporate-targets/10_infrastructure-highway-epc/102_hg-infra.md,102_hg-infra.md,3674,prep,,,yes,yes,
prep/company-profiles/corporate-targets/10_infrastructure-highway-epc/106_doshion-wog.md,106_doshion-wog.md,3667,prep,,,yes,yes,
prep/company-profiles/corporate-targets/10_infrastructure-highway-epc/README.md,README.md,2126,prep,,,yes,yes,
prep/company-profiles/corporate-targets/11_multidisciplinary-consulting/010_kbr.md,010_kbr.md,3967,prep,,,yes,yes,
prep/company-profiles/corporate-targets/11_multidisciplinary-consulting/025_tata-consulting-engineers.md,025_tata-consulting-engineers.md,3872,prep,,,yes,yes,
prep/company-profiles/corporate-targets/11_multidisciplinary-consulting/030_tractebel-engie.md,030_tractebel-engie.md,3774,prep,,,yes,yes,
prep/company-profiles/corporate-targets/11_multidisciplinary-consulting/031_smec-surbana-jurong.md,031_smec-surbana-jurong.md,3725,prep,,,yes,yes,
prep/company-profiles/corporate-targets/11_multidisciplinary-consulting/040_fichtner.md,040_fichtner.md,3707,prep,,,yes,yes,
prep/company-profiles/corporate-targets/11_multidisciplinary-consulting/042_egis.md,042_egis.md,3682,prep,,,yes,yes,
prep/company-profiles/corporate-targets/11_multidisciplinary-consulting/074_systra.md,074_systra.md,3699,prep,,,yes,yes,
prep/company-profiles/corporate-targets/11_multidisciplinary-consulting/076_aarvee-associates.md,076_aarvee-associates.md,3673,prep,,,yes,yes,
prep/company-profiles/corporate-targets/11_multidisciplinary-consulting/078_voyants-solutions.md,078_voyants-solutions.md,3696,prep,,,yes,yes,
prep/company-profiles/corporate-targets/11_multidisciplinary-consulting/079_consulting-engineers-group.md,079_consulting-engineers-group.md,3727,prep,,,yes,yes,
prep/company-profiles/corporate-targets/11_multidisciplinary-consulting/README.md,README.md,2155,prep,,,yes,yes,
prep/company-profiles/corporate-targets/12_risk-analytics-advisory/071_verisk-moodys-rms.md,071_verisk-moodys-rms.md,3718,prep,,,yes,yes,
prep/company-profiles/corporate-targets/12_risk-analytics-advisory/083_kadam-environmental.md,083_kadam-environmental.md,3728,prep,,,yes,yes,
prep/company-profiles/corporate-targets/12_risk-analytics-advisory/084_deloitte-infrastructure.md,084_deloitte-infrastructure.md,3740,prep,,,yes,yes,
prep/company-profiles/corporate-targets/12_risk-analytics-advisory/085_pwc-infrastructure.md,085_pwc-infrastructure.md,3751,prep,,,yes,yes,
prep/company-profiles/corporate-targets/12_risk-analytics-advisory/086_ey-infrastructure.md,086_ey-infrastructure.md,3732,prep,,,yes,yes,
prep/company-profiles/corporate-targets/12_risk-analytics-advisory/087_kpmg-infrastructure.md,087_kpmg-infrastructure.md,3752,prep,,,yes,yes,
prep/company-profiles/corporate-targets/12_risk-analytics-advisory/121_swiss-re-munich-re.md,121_swiss-re-munich-re.md,3745,prep,,,yes,yes,
prep/company-profiles/corporate-targets/12_risk-analytics-advisory/README.md,README.md,1914,prep,,,yes,yes,
prep/company-profiles/corporate-targets/13_materials-applied-rnd/018_saint-gobain.md,018_saint-gobain.md,3801,prep,,,yes,yes,
prep/company-profiles/corporate-targets/13_materials-applied-rnd/019_isgec-heavy.md,019_isgec-heavy.md,3804,prep,,,yes,yes,
prep/company-profiles/corporate-targets/13_materials-applied-rnd/021_aditya-birla-stc.md,021_aditya-birla-stc.md,3842,prep,,,yes,yes,
prep/company-profiles/corporate-targets/13_materials-applied-rnd/README.md,README.md,1373,prep,,,yes,yes,
prep/interview/README.md,README.md,2361,prep,,,yes,yes,
prep/interview/interview-day-survival.md,interview-day-survival.md,10158,prep,,,yes,yes,
prep/interview/quick-revision-system.md,quick-revision-system.md,13189,prep,,,yes,yes,
prep/interview/software-interview-guide.md,software-interview-guide.md,23178,prep,,,yes,yes,
prep/interview/hr/hr-interview-guide.md,hr-interview-guide.md,14358,prep,,,yes,yes,
prep/interview/mock-tests/mock-interview-database.md,mock-interview-database.md,30939,prep,,,yes,yes,
prep/interview/mock-tests/mock-interview-questions.md,mock-interview-questions.md,18252,prep,,,yes,yes,
prep/interview/technical/project-defense-guide.md,project-defense-guide.md,17192,prep,,,yes,yes,
prep/interview/technical/project-discussion.md,project-discussion.md,12136,prep,,,yes,yes,
prep/interview/technical/technical-interview-bank.md,technical-interview-bank.md,37847,prep,,,yes,yes,
prep/interview/technical/thesis-defense-guide.md,thesis-defense-guide.md,11027,prep,,,yes,yes,
prep/mock-tests/README.md,README.md,3434,prep,,,yes,yes,
prep/mock-tests/mock-test-bim.md,mock-test-bim.md,3384,prep,,,yes,yes,
prep/mock-tests/mock-test-biz-ops.md,mock-test-biz-ops.md,2492,prep,,,yes,yes,
prep/mock-tests/mock-test-business-analyst.md,mock-test-business-analyst.md,2667,prep,,,yes,yes,
prep/mock-tests/mock-test-civil-general.md,mock-test-civil-general.md,3664,prep,,,yes,yes,
prep/mock-tests/mock-test-construction.md,mock-test-construction.md,3504,prep,,,yes,yes,
prep/mock-tests/mock-test-consulting.md,mock-test-consulting.md,2492,prep,,,yes,yes,
prep/mock-tests/mock-test-data-analyst.md,mock-test-data-analyst.md,2651,prep,,,yes,yes,
prep/mock-tests/mock-test-environmental.md,mock-test-environmental.md,3664,prep,,,yes,yes,
prep/mock-tests/mock-test-finance.md,mock-test-finance.md,3482,prep,,,yes,yes,
prep/mock-tests/mock-test-geotechnical.md,mock-test-geotechnical.md,4005,prep,,,yes,yes,
prep/mock-tests/mock-test-gis-survey.md,mock-test-gis-survey.md,3576,prep,,,yes,yes,
prep/mock-tests/mock-test-hydraulics-cfd.md,mock-test-hydraulics-cfd.md,4050,prep,,,yes,yes,
prep/mock-tests/mock-test-hydrologist.md,mock-test-hydrologist.md,4040,prep,,,yes,yes,
prep/mock-tests/mock-test-infrastructure-pm.md,mock-test-infrastructure-pm.md,3863,prep,,,yes,yes,
prep/mock-tests/mock-test-operations.md,mock-test-operations.md,3397,prep,,,yes,yes,
prep/mock-tests/mock-test-product-analyst.md,mock-test-product-analyst.md,2683,prep,,,yes,yes,
prep/mock-tests/mock-test-product-manager.md,mock-test-product-manager.md,2503,prep,,,yes,yes,
prep/mock-tests/mock-test-program-management.md,mock-test-program-management.md,3434,prep,,,yes,yes,
prep/mock-tests/mock-test-risk.md,mock-test-risk.md,3346,prep,,,yes,yes,
prep/mock-tests/mock-test-strategy.md,mock-test-strategy.md,2248,prep,,,yes,yes,
prep/mock-tests/mock-test-structural.md,mock-test-structural.md,4044,prep,,,yes,yes,
prep/mock-tests/mock-test-supply-chain.md,mock-test-supply-chain.md,3412,prep,,,yes,yes,
prep/mock-tests/mock-test-technology.md,mock-test-technology.md,3019,prep,,,yes,yes,
prep/mock-tests/mock-test-transportation.md,mock-test-transportation.md,3630,prep,,,yes,yes,
prep/mock-tests/mock-test-water-resources.md,mock-test-water-resources.md,4043,prep,,,yes,yes,
prep/technical/README.md,README.md,670,prep,,,yes,yes,
prep/templates/README.md,README.md,1303,prep,,,yes,yes,
prep/templates/interview-answer-template.md,interview-answer-template.md,5813,prep,,,yes,yes,
prep/templates/resume-template.md,resume-template.md,6686,prep,,,yes,yes,
prep/templates/role-study-plan-template.md,role-study-plan-template.md,3871,prep,,,yes,yes,
prep/templates/self-intro-template.md,self-intro-template.md,6517,prep,,,yes,yes,
prep/templates/study-plan-template.md,study-plan-template.md,6706,prep,,,yes,yes,
questions/README.md,README.md,8122,questions,,,yes,yes,
resources/README.md,README.md,3573,resources,,,yes,yes,
resources/book-list.md,book-list.md,7548,resources,,,yes,yes,
resources/gis-tools.md,gis-tools.md,6457,resources,,,yes,yes,
resources/links.md,links.md,14315,resources,,,yes,yes,
resources/paper-list.md,paper-list.md,2418,resources,,,yes,yes,
resources/placement-data.md,placement-data.md,11588,resources,,,yes,yes,
resources/source-registry.md,source-registry.md,7351,resources,,,yes,yes,
scripts/check_deepdive_links.py,check_deepdive_links.py,2091,scripts,,,yes,yes,
scripts/config.py,config.py,2967,scripts,,,yes,yes,
scripts/count_metrics.py,count_metrics.py,15707,scripts,,,yes,yes,
scripts/quality_check.py,quality_check.py,14268,scripts,,,yes,yes,
scripts/validate_docs_links.py,validate_docs_links.py,1942,scripts,,,yes,yes,
scripts/validate_index.py,validate_index.py,8074,scripts,,,yes,yes,
scripts/validate_prep_links.py,validate_prep_links.py,1897,scripts,,,yes,yes,
scripts/verify_page.py,verify_page.py,5113,scripts,,,yes,yes,
scripts/_artifacts/civil_companies_data.json,civil_companies_data.json,140426,scripts,,,yes,yes,
scripts/_artifacts/civil_companies_detail.txt,civil_companies_detail.txt,68210,scripts,,,yes,yes,
scripts/_artifacts/gate_preview.txt,gate_preview.txt,106431,scripts,,,yes,yes,
scripts/_artifacts/mechanics_preview.txt,mechanics_preview.txt,37730,scripts,,,yes,yes,
scripts/_artifacts/rcc_preview.txt,rcc_preview.txt,84489,scripts,,,yes,yes,
scripts/_artifacts/steel_preview.txt,steel_preview.txt,92106,scripts,,,yes,yes,
scripts/_artifacts/struct_analysis_preview.txt,struct_analysis_preview.txt,52985,scripts,,,yes,yes,
scripts/_artifacts/subject_headers.txt,subject_headers.txt,80098,scripts,,,yes,yes,
scripts/_artifacts/verify_page_report.txt,verify_page_report.txt,654,scripts,,,yes,yes,
scripts/_artifacts/verify_rcc_report.txt,verify_rcc_report.txt,1374,scripts,,,yes,yes,
scripts/extraction/analyze_gate_opedia.py,analyze_gate_opedia.py,15138,scripts,,,yes,yes,
scripts/extraction/corrected_gate_analysis.py,corrected_gate_analysis.py,12934,scripts,,,yes,yes,
scripts/extraction/extract_civil_companies.py,extract_civil_companies.py,3473,scripts,,,yes,yes,
scripts/extraction/extract_gate_structure.py,extract_gate_structure.py,3667,scripts,,,yes,yes,
scripts/extraction/extract_mechanics.py,extract_mechanics.py,1818,scripts,,,yes,yes,
scripts/extraction/extract_rcc.py,extract_rcc.py,1922,scripts,,,yes,yes,
scripts/extraction/extract_steel.py,extract_steel.py,1809,scripts,,,yes,yes,
scripts/extraction/extract_struct_analysis.py,extract_struct_analysis.py,1827,scripts,,,yes,yes,
scripts/extraction/find_subject_headers.py,find_subject_headers.py,4245,scripts,,,yes,yes,
scripts/extraction/full_gate_analysis.py,full_gate_analysis.py,13823,scripts,,,yes,yes,
scripts/migration/restructure_monorepo.py,restructure_monorepo.py,11701,scripts,,,yes,yes,
scripts/migration/update_links.py,update_links.py,2780,scripts,,,yes,yes,
software-and-tech/README.md,README.md,11683,software-and-tech,,,yes,yes,
software-and-tech/SOFTWARE_COMPANY_LINKAGE.md,SOFTWARE_COMPANY_LINKAGE.md,13093,software-and-tech,,,yes,yes,
software-and-tech/SOFTWARE_COMPLETENESS_MATRIX.md,SOFTWARE_COMPLETENESS_MATRIX.md,8654,software-and-tech,,,yes,yes,
software-and-tech/SOFTWARE_RESUME_STRATEGY.md,SOFTWARE_RESUME_STRATEGY.md,5582,software-and-tech,,,yes,yes,
software-and-tech/SOFTWARE_ROADMAP.md,SOFTWARE_ROADMAP.md,5559,software-and-tech,,,yes,yes,
software-and-tech/SOFTWARE_ROLE_MATRIX.md,SOFTWARE_ROLE_MATRIX.md,12254,software-and-tech,,,yes,yes,
software-and-tech/SOFTWARE_THEORY_LINKAGE.md,SOFTWARE_THEORY_LINKAGE.md,6843,software-and-tech,,,yes,yes,
software-and-tech/TOOLS_INDEX.md,TOOLS_INDEX.md,6126,software-and-tech,,,yes,yes,
software-and-tech/anti-overload.md,anti-overload.md,4829,software-and-tech,,,yes,yes,
software-and-tech/branch-roadmaps.md,branch-roadmaps.md,4778,software-and-tech,,,yes,yes,
software-and-tech/learning-roadmaps.md,learning-roadmaps.md,7286,software-and-tech,,,yes,yes,
software-and-tech/mtech-advantage.md,mtech-advantage.md,5869,software-and-tech,,,yes,yes,
software-and-tech/priority-system.md,priority-system.md,8143,software-and-tech,,,yes,yes,
software-and-tech/project-first-learning.md,project-first-learning.md,8124,software-and-tech,,,yes,yes,
software-and-tech/resume-positioning.md,resume-positioning.md,5828,software-and-tech,,,yes,yes,
software-and-tech/role-roadmaps.md,role-roadmaps.md,9519,software-and-tech,,,yes,yes,
software-and-tech/software-interview-questions.md,software-interview-questions.md,10161,software-and-tech,,,yes,yes,
software-and-tech/software-template.md,software-template.md,7139,software-and-tech,,,yes,yes,
software-and-tech/_SYSTEM/FOLDER_PROCESS_STATE.md,FOLDER_PROCESS_STATE.md,4082,software-and-tech,,,yes,yes,
software-and-tech/_SYSTEM/FOLDER_QUEUE.md,FOLDER_QUEUE.md,5688,software-and-tech,,,yes,yes,
software-and-tech/_SYSTEM/SOFTWARE_AUDIT_STATE.md,SOFTWARE_AUDIT_STATE.md,4248,software-and-tech,,,yes,yes,
software-and-tech/_SYSTEM/SOFTWARE_CONTENT_REGISTRY.md,SOFTWARE_CONTENT_REGISTRY.md,3963,software-and-tech,,,yes,yes,
software-and-tech/_SYSTEM/SOFTWARE_REPO_MAP.md,SOFTWARE_REPO_MAP.md,10345,software-and-tech,,,yes,yes,
software-and-tech/_SYSTEM/SOFTWARE_REQUIRED_FILES.md,SOFTWARE_REQUIRED_FILES.md,4367,software-and-tech,,,yes,yes,
software-and-tech/automation/automation.md,automation.md,7600,software-and-tech,,,yes,yes,
software-and-tech/bim/bim-rapid-revision.md,bim-rapid-revision.md,7683,software-and-tech,,,yes,yes,
software-and-tech/bim/bim-tech.md,bim-tech.md,5678,software-and-tech,,,yes,yes,
software-and-tech/bim/role-study-plan.md,role-study-plan.md,17898,software-and-tech,,,yes,yes,
software-and-tech/cfd/cfd-tech.md,cfd-tech.md,7167,software-and-tech,,,yes,yes,
software-and-tech/comparisons/software-comparison.md,software-comparison.md,8410,software-and-tech,,,yes,yes,
software-and-tech/computing/cloud-hpc.md,cloud-hpc.md,5794,software-and-tech,,,yes,yes,
software-and-tech/construction/construction-tech.md,construction-tech.md,6343,software-and-tech,,,yes,yes,
software-and-tech/consulting/consulting-tech.md,consulting-tech.md,4558,software-and-tech,,,yes,yes,
software-and-tech/data/data-analytics-stack.md,data-analytics-stack.md,6219,software-and-tech,,,yes,yes,
software-and-tech/deep-dives/README.md,README.md,3549,software-and-tech,,,yes,yes,
software-and-tech/deep-dives/epanet-walkthrough.md,epanet-walkthrough.md,8971,software-and-tech,,,yes,yes,
software-and-tech/deep-dives/geostudio-slopew-tutorial.md,geostudio-slopew-tutorial.md,8434,software-and-tech,,,yes,yes,
software-and-tech/deep-dives/hec-hms-tutorial.md,hec-hms-tutorial.md,9472,software-and-tech,,,yes,yes,
software-and-tech/deep-dives/hec-ras-walkthrough.md,hec-ras-walkthrough.md,12020,software-and-tech,,,yes,yes,
software-and-tech/deep-dives/openfoam-case-study.md,openfoam-case-study.md,14146,software-and-tech,,,yes,yes,
software-and-tech/deep-dives/plaxis-2d-tutorial.md,plaxis-2d-tutorial.md,11752,software-and-tech,,,yes,yes,
software-and-tech/deep-dives/swmm-guide.md,swmm-guide.md,10601,software-and-tech,,,yes,yes,
software-and-tech/developer-tools/linux-dev-tools.md,linux-dev-tools.md,6172,software-and-tech,,,yes,yes,
software-and-tech/environmental/environmental-tech.md,environmental-tech.md,6627,software-and-tech,,,yes,yes,
software-and-tech/geotechnical/geotechnical-tech.md,geotechnical-tech.md,7340,software-and-tech,,,yes,yes,
software-and-tech/gis/gis-tech.md,gis-tech.md,6631,software-and-tech,,,yes,yes,
software-and-tech/hwre/hwre-tech-roadmap.md,hwre-tech-roadmap.md,10687,software-and-tech,,,yes,yes,
software-and-tech/hydrology/hydrology-tech.md,hydrology-tech.md,7155,software-and-tech,,,yes,yes,
software-and-tech/operations/operations-tech.md,operations-tech.md,6052,software-and-tech,,,yes,yes,
software-and-tech/practice/README.md,README.md,7689,software-and-tech,,,yes,yes,
software-and-tech/product/product-tech.md,product-tech.md,5967,software-and-tech,,,yes,yes,
software-and-tech/programming/README.md,README.md,824,software-and-tech,,,yes,yes,
software-and-tech/programming/c-cpp.md,c-cpp.md,8181,software-and-tech,,,yes,yes,
software-and-tech/programming/git.md,git.md,7873,software-and-tech,,,yes,yes,
software-and-tech/programming/matlab.md,matlab.md,7653,software-and-tech,,,yes,yes,
software-and-tech/programming/python.md,python.md,9907,software-and-tech,,,yes,yes,
software-and-tech/programming/sql.md,sql.md,8263,software-and-tech,,,yes,yes,
software-and-tech/research/research-tech.md,research-tech.md,5732,software-and-tech,,,yes,yes,
software-and-tech/sediment/sediment-tech.md,sediment-tech.md,8848,software-and-tech,,,yes,yes,
software-and-tech/structural/structural-tech.md,structural-tech.md,8292,software-and-tech,,,yes,yes,
software-and-tech/technology-careers/tech-careers.md,tech-careers.md,5948,software-and-tech,,,yes,yes,
software-and-tech/tests/README.md,README.md,10705,software-and-tech,,,yes,yes,
software-and-tech/tools/AutoCAD.md,AutoCAD.md,9780,software-and-tech,,,yes,yes,
software-and-tech/tools/ETABS.md,ETABS.md,9013,software-and-tech,,,yes,yes,
software-and-tech/tools/Excel.md,Excel.md,9400,software-and-tech,,,yes,yes,
software-and-tech/tools/Primavera.md,Primavera.md,8148,software-and-tech,,,yes,yes,
software-and-tech/tools/QGIS.md,QGIS.md,8333,software-and-tech,,,yes,yes,
software-and-tech/tools/Revit.md,Revit.md,7690,software-and-tech,,,yes,yes,
software-and-tech/tools/SAP2000.md,SAP2000.md,7563,software-and-tech,,,yes,yes,
software-and-tech/tools/STAAD.md,STAAD.md,8269,software-and-tech,,,yes,yes,
software-and-tech/transportation/transportation-tech.md,transportation-tech.md,6713,software-and-tech,,,yes,yes,
